{
  "mean": [
    0.5752126091262171,
    0.4497227663589234,
    0.4012869135370431
  ],
  "std": [
    0.26532880449272844,
    0.24229550144470252,
    0.24068486736909714
  ]
}